"site","velocity_ms","depth_m","discharge_m3s"
"Eno",0.126538461538462,0.552692307692308,2.603496
"UEno",0.224427620990121,0.384622926093514,0.88531
"Mud",0.236458333333333,0.148977272727273,0.170073333333333
"NHC",0.362382238326778,0.435766497227918,1.574274345
"UNHC",0.193648037918871,0.554716652742969,1.62362166666667
"Stony",0.504059829059829,0.206033653846154,0.29343
